date,close
5/15/19,231.95
5/14/19,232.31
5/13/19,227.01
5/10/19,239.52
5/9/19,241.98
5/8/19,244.84
5/7/19,247.06
5/6/19,255.34
5/3/19,255.03
5/2/19,244.1
5/1/19,234.01
4/30/19,238.69
4/29/19,241.47
4/26/19,235.14
4/25/19,247.63
4/24/19,258.66
4/23/19,263.9
4/22/19,262.75
4/18/19,273.26
4/17/19,271.23
4/16/19,273.36
4/15/19,266.38
4/12/19,267.7
4/11/19,268.42
4/10/19,276.06
4/9/19,272.31
4/8/19,273.2
4/5/19,274.96
4/4/19,267.78
4/3/19,291.81
4/2/19,285.88
4/1/19,289.18
3/29/19,279.86
3/28/19,278.62
3/27/19,274.83
3/26/19,267.77
3/25/19,260.42
3/22/19,264.53
3/21/19,274.02
3/20/19,273.6
3/19/19,267.47
3/18/19,269.49
3/15/19,275.43
3/14/19,289.96
3/13/19,288.96
3/12/19,283.36
3/11/19,290.92
3/8/19,284.14
3/7/19,276.59
3/6/19,276.24
3/5/19,276.54
3/4/19,285.36
3/1/19,294.79
2/28/19,319.88
2/27/19,314.74
2/26/19,297.86
2/25/19,298.77
2/22/19,294.71
2/21/19,291.23
2/20/19,302.56
2/19/19,305.64
2/15/19,307.88
2/14/19,303.77
2/13/19,308.17
2/12/19,311.81
2/11/19,312.84
2/8/19,305.8
2/7/19,307.51
2/6/19,317.22
2/5/19,321.35
2/4/19,312.89
2/1/19,312.21
1/31/19,307.02
1/30/19,308.77
1/29/19,297.46
1/28/19,296.38
1/25/19,297.04
1/24/19,291.51
1/23/19,287.59
1/22/19,298.92
1/18/19,302.26
1/17/19,347.31
1/16/19,346.05
1/15/19,344.43
1/14/19,334.4
1/11/19,347.26
1/10/19,344.97
1/9/19,338.53
1/8/19,335.35
1/7/19,334.96
1/4/19,317.69
1/3/19,300.36
1/2/19,310.12
12/31/18,332.8
12/28/18,333.87
12/27/18,316.13
12/26/18,326.09
12/24/18,295.39
12/21/18,319.77
12/20/18,315.38
12/19/18,332.97
12/18/18,337.03
12/17/18,348.42
12/14/18,365.71
12/13/18,376.79
12/12/18,366.6
12/11/18,366.76
12/10/18,365.15
12/7/18,357.965
12/6/18,363.06
12/4/18,359.7
12/3/18,358.49
11/30/18,350.48
11/29/18,341.17
11/28/18,347.87
11/27/18,343.92
11/26/18,346
11/23/18,325.83
11/21/18,338.19
11/20/18,347.49
11/19/18,353.47
11/16/18,354.31
11/15/18,348.44
11/14/18,344
11/13/18,338.73
11/12/18,331.28
11/9/18,350.51
11/8/18,351.4
11/7/18,348.16
11/6/18,341.06
11/5/18,341.4
11/2/18,346.41
11/1/18,344.28
10/31/18,337.32
10/30/18,329.9
10/29/18,334.85
10/26/18,330.9
10/25/18,314.86
10/24/18,288.5
10/23/18,294.14
10/22/18,260.95
10/19/18,260
10/18/18,263.91
10/17/18,271.78
10/16/18,276.59
10/15/18,259.59
10/12/18,258.78
10/11/18,252.23
10/10/18,256.88
10/9/18,262.8
10/8/18,250.56
10/5/18,261.95
10/4/18,281.83
10/3/18,294.8
10/2/18,301.02
10/1/18,310.7
9/28/18,264.77
9/27/18,307.52
9/26/18,309.58
9/25/18,300.99
9/24/18,299.68
9/21/18,299.1
9/20/18,298.33
9/19/18,299.02
9/18/18,284.96
9/17/18,294.84
9/14/18,295.2
9/13/18,289.46
9/12/18,290.54
9/11/18,279.44
9/10/18,285.5
9/7/18,263.24
9/6/18,280.95
9/5/18,280.74
9/4/18,288.95
8/31/18,301.66
8/30/18,303.15
8/29/18,305.01
8/28/18,311.86
8/27/18,319.27
8/24/18,322.82
8/23/18,320.1
8/22/18,321.64
8/21/18,321.9
8/20/18,308.44
8/17/18,305.5
8/16/18,335.45
8/15/18,338.69
8/14/18,347.64
8/13/18,356.41
8/10/18,355.49
8/9/18,352.45
8/8/18,370.34
8/7/18,379.57
8/6/18,341.99
8/3/18,348.17
8/2/18,349.54
8/1/18,300.84
7/31/18,298.14
7/30/18,290.17
7/27/18,297.18
7/26/18,306.65
7/25/18,308.74
7/24/18,297.43
7/23/18,303.2
7/20/18,313.58
7/19/18,320.23
7/18/18,323.85
7/17/18,322.69
7/16/18,310.1
7/13/18,318.87
7/12/18,316.71
7/11/18,318.96
7/10/18,322.47
7/9/18,318.51
7/6/18,308.9
7/5/18,309.16
7/3/18,310.86
7/2/18,335.07
6/29/18,342.95
6/28/18,349.93
6/27/18,344.5
6/26/18,342
6/25/18,333.01
6/22/18,333.63
6/21/18,347.51
6/20/18,362.22
6/19/18,352.55
6/18/18,370.83
6/15/18,358.17
6/14/18,357.72
6/13/18,344.78
6/12/18,342.77
6/11/18,332.1
6/8/18,317.66
6/7/18,316.09
6/6/18,319.5
6/5/18,291.13
6/4/18,296.74
6/1/18,291.82
5/31/18,284.73
5/30/18,291.72
5/29/18,283.76
5/25/18,278.85
5/24/18,277.85
5/23/18,279.07
5/22/18,275.01
5/21/18,284.49
5/18/18,276.82
5/17/18,284.54
5/16/18,286.48
5/15/18,284.18
5/14/18,291.97
5/11/18,301.06
5/10/18,305.02
5/9/18,306.85
5/8/18,301.97
5/7/18,302.77
5/4/18,294.09
5/3/18,284.45
5/2/18,301.15
5/1/18,299.92
4/30/18,293.9
4/27/18,294.075
4/26/18,285.48
4/25/18,280.69
4/24/18,283.46
4/23/18,283.37
4/20/18,290.24
4/19/18,300.08
4/18/18,293.35
4/17/18,287.69
4/16/18,291.21
4/13/18,300.34
4/12/18,294.08
4/11/18,300.93
4/10/18,304.7
4/9/18,289.66
4/6/18,299.3
4/5/18,305.72
4/4/18,286.94
4/3/18,267.53
4/2/18,252.48
3/29/18,266.13
3/28/18,257.78
3/27/18,279.18
3/26/18,304.18
3/23/18,301.54
3/22/18,309.1
3/21/18,316.53
3/20/18,310.55
3/19/18,313.56
3/16/18,321.35
3/15/18,325.6
3/14/18,326.63
3/13/18,341.84
3/12/18,345.51
3/9/18,327.17
3/8/18,329.1
3/7/18,332.3
3/6/18,328.2
3/5/18,333.35
3/2/18,335.12
3/1/18,330.93
2/28/18,343.06
2/27/18,350.99
2/26/18,357.42
2/23/18,352.05
2/22/18,346.17
2/21/18,333.3
2/20/18,334.77
2/16/18,335.49
2/15/18,334.065
2/14/18,322.31
2/13/18,323.66
2/12/18,315.73
2/9/18,310.42
2/8/18,315.23
2/7/18,345
2/6/18,333.97
2/5/18,333.13
2/2/18,343.75
2/1/18,349.25
1/31/18,354.31
1/30/18,345.82
1/29/18,349.53
1/26/18,342.85
1/25/18,337.64
1/24/18,345.89
1/23/18,352.79
1/22/18,351.56
1/19/18,350.02
1/18/18,344.57
1/17/18,347.16
1/16/18,340.06
1/12/18,336.22
1/11/18,337.95
1/10/18,334.8
1/9/18,333.69
1/8/18,336.41
1/5/18,316.58
1/4/18,314.62
1/3/18,317.25
1/2/18,320.53
12/29/17,311.35
12/28/17,315.36
12/27/17,311.64
12/26/17,317.29
12/22/17,325.2
12/21/17,331.66
12/20/17,328.98
12/19/17,331.1
12/18/17,338.87
12/15/17,343.45
12/14/17,337.89
12/13/17,339.03
12/12/17,341.03
12/11/17,328.91
12/8/17,315.13
12/7/17,311.24
12/6/17,313.26
12/5/17,303.7
12/4/17,305.2
12/1/17,306.53
11/30/17,308.85
11/29/17,307.54
11/28/17,317.55
11/27/17,316.81
11/24/17,315.55
11/22/17,312.6
11/21/17,317.81
11/20/17,308.74
11/17/17,315.05
11/16/17,312.5
11/15/17,311.3
11/14/17,308.7
11/13/17,315.4
11/10/17,302.99
11/9/17,302.99
11/8/17,304.39
11/7/17,306.05
11/6/17,302.78
11/3/17,306.09
11/2/17,299.26
11/1/17,321.08
10/31/17,331.53
10/30/17,320.08
10/27/17,320.87
10/26/17,326.17
10/25/17,325.84
10/24/17,337.34
10/23/17,337.02
10/20/17,345.1
10/19/17,351.81
10/18/17,359.65
10/17/17,355.75
10/16/17,350.6
10/13/17,355.57
10/12/17,355.68
10/11/17,354.6
10/10/17,355.59
10/9/17,342.94
10/6/17,356.88
10/5/17,355.33
10/4/17,355.01
10/3/17,348.14
10/2/17,341.53
9/29/17,341.1
9/28/17,339.6
9/27/17,340.97
9/26/17,345.25
9/25/17,344.99
9/22/17,351.09
9/21/17,366.48
9/20/17,373.91
9/19/17,375.1
9/18/17,385
9/15/17,379.81
9/14/17,377.64
9/13/17,366.23
9/12/17,362.75
9/11/17,363.69
9/8/17,343.4
9/7/17,350.61
9/6/17,344.53
9/5/17,349.59
9/1/17,355.4
8/31/17,355.9
8/30/17,353.18
8/29/17,347.36
8/28/17,345.66
8/25/17,348.05
8/24/17,352.93
8/23/17,352.77
8/22/17,341.35
8/21/17,337.86
8/18/17,347.46
8/17/17,351.92
8/16/17,362.91
8/15/17,362.33
8/14/17,363.8
8/11/17,357.87
8/10/17,355.4
8/9/17,363.53
8/8/17,365.22
8/7/17,355.17
8/4/17,356.91
8/3/17,347.09
8/2/17,325.89
8/1/17,319.57
7/31/17,323.47
7/28/17,335.07
7/27/17,334.46
7/26/17,343.85
7/25/17,339.6
7/24/17,342.52
7/21/17,328.4
7/20/17,329.92
7/19/17,325.26
7/18/17,328.24
7/17/17,319.57
7/14/17,327.78
7/13/17,323.41
7/12/17,329.52
7/11/17,327.22
7/10/17,316.05
7/7/17,313.22
7/6/17,308.83
7/5/17,327.09
7/3/17,352.62
6/30/17,361.61
6/29/17,360.75
6/28/17,371.24
6/27/17,362.37
6/26/17,377.49
6/23/17,383.45
6/22/17,382.61
6/21/17,376.4
6/20/17,372.24
6/19/17,369.8
6/16/17,371.4
6/15/17,375.34
6/14/17,380.66
6/13/17,375.95
6/12/17,359.01
6/9/17,357.32
6/8/17,370
6/7/17,359.65
6/6/17,352.85
6/5/17,347.32
6/2/17,339.85
6/1/17,340.37
5/31/17,341.01
5/30/17,335.1
5/26/17,325.14
5/25/17,316.83
5/24/17,310.22
5/23/17,303.86
5/22/17,310.35
5/19/17,310.83
5/18/17,313.06
5/17/17,306.11
5/16/17,317.01
5/15/17,315.88
5/12/17,324.81
5/11/17,323.1
5/10/17,325.22
5/9/17,321.26
5/8/17,307.19
5/5/17,308.35
5/4/17,295.46
5/3/17,311.02
5/2/17,318.89
5/1/17,322.83
4/28/17,314.07
4/27/17,308.63
4/26/17,310.17
4/25/17,313.79
4/24/17,308.03
4/21/17,305.6
4/20/17,302.51
4/19/17,305.52
4/18/17,300.25
4/17/17,301.44
4/13/17,304
4/12/17,296.84
4/11/17,308.71
4/10/17,312.39
4/7/17,302.54
4/6/17,298.7
4/5/17,295
4/4/17,303.7
4/3/17,298.52
3/31/17,278.3
3/30/17,277.92
3/29/17,277.38
3/28/17,277.45
3/27/17,270.22
3/24/17,263.16
3/23/17,254.78
3/22/17,255.01
3/21/17,250.68
3/20/17,261.92
3/17/17,261.5
3/16/17,262.05
3/15/17,255.73
3/14/17,258
3/13/17,246.17
3/10/17,243.69
3/9/17,244.9
3/8/17,246.87
3/7/17,248.59
3/6/17,251.21
3/3/17,251.57
3/2/17,250.48
3/1/17,250.02
2/28/17,249.99
2/27/17,246.23
2/24/17,257
2/23/17,255.99
2/22/17,273.51
2/21/17,277.39
2/17/17,272.23
2/16/17,268.95
2/15/17,279.76
2/14/17,280.98
2/13/17,280.6
2/10/17,269.23
2/9/17,269.2
2/8/17,262.08
2/7/17,257.48
2/6/17,257.77
2/3/17,251.33
2/2/17,251.55
2/1/17,249.24
1/31/17,251.93
1/30/17,250.63
1/27/17,252.95
1/26/17,252.51
1/25/17,254.47
1/24/17,254.61
1/23/17,248.92
1/20/17,244.73
1/19/17,243.76
1/18/17,238.36
1/17/17,235.58
1/13/17,237.75
1/12/17,229.59
1/11/17,229.73
1/10/17,229.87
1/9/17,231.28
1/6/17,229.01
1/5/17,226.75
1/4/17,226.99
1/3/17,216.99
12/30/16,213.69
12/29/16,214.68
12/28/16,219.74
12/27/16,219.53
12/23/16,213.34
12/22/16,208.45
12/21/16,207.7
12/20/16,208.79
12/19/16,202.73
12/16/16,202.49
12/15/16,197.58
12/14/16,198.69
12/13/16,198.15
12/12/16,192.43
12/9/16,192.18
12/8/16,192.29
12/7/16,193.15
12/6/16,185.85
12/5/16,186.8
12/2/16,181.47
12/1/16,181.88
11/30/16,189.4
11/29/16,189.57
11/28/16,196.12
11/25/16,196.65
11/23/16,193.14
11/22/16,191.17
11/21/16,184.52
11/18/16,185.02
11/17/16,188.66
11/16/16,183.93
11/15/16,183.77
11/14/16,181.45
11/11/16,188.56
11/10/16,185.35
11/9/16,190.06
11/8/16,194.94
11/7/16,193.21
11/4/16,190.56
11/3/16,187.42
11/2/16,188.02
11/1/16,190.79
10/31/16,197.73
10/28/16,199.97
10/27/16,204.01
10/26/16,202.24
10/25/16,202.34
10/24/16,202.76
10/21/16,200.09
10/20/16,199.1
10/19/16,203.56
10/18/16,199.1
10/17/16,193.96
10/14/16,196.51
10/13/16,200.24
10/12/16,201.51
10/11/16,200.1
10/10/16,200.95
10/7/16,196.61
10/6/16,201
10/5/16,208.46
10/4/16,211.41
10/3/16,213.7
9/30/16,204.03
9/29/16,200.7
9/28/16,206.27
9/27/16,205.81
9/26/16,208.99
9/23/16,207.45
9/22/16,206.43
9/21/16,205.22
9/20/16,204.64
9/19/16,206.34
9/16/16,205.4
9/15/16,200.42
9/14/16,196.41
9/13/16,196.05
9/12/16,198.3
9/9/16,194.47
9/8/16,197.36
9/7/16,201.71
9/6/16,202.83
9/2/16,197.78
9/1/16,200.77
8/31/16,212.01
8/30/16,211.34
8/29/16,215.2
8/26/16,219.99
8/25/16,220.96
8/24/16,222.62
8/23/16,224.84
8/22/16,222.93
8/19/16,225
8/18/16,223.51
8/17/16,223.24
8/16/16,223.61
8/15/16,225.59
8/12/16,225.61
8/11/16,224.91
8/10/16,225.65
8/9/16,229.08
8/8/16,226.16
8/5/16,230.03
8/4/16,230.61
8/3/16,225.79
8/2/16,227.2
8/1/16,230.01
7/29/16,234.79
7/28/16,230.61
7/27/16,228.49
7/26/16,229.51
7/25/16,230.01
7/22/16,222.27
7/21/16,220.5
7/20/16,228.36
7/19/16,225.26
7/18/16,226.25
7/15/16,220.4
7/14/16,221.53
7/13/16,222.53
7/12/16,224.65
7/11/16,224.78
7/8/16,216.78
7/7/16,215.94
7/6/16,214.44
7/5/16,213.98
7/1/16,216.5
6/30/16,212.28
6/29/16,210.19
6/28/16,201.79
6/27/16,198.55
6/24/16,193.15
6/23/16,196.4
6/22/16,196.66
6/21/16,219.61
6/20/16,219.7
6/17/16,215.47
6/16/16,217.93
6/15/16,217.7
6/14/16,214.96
6/13/16,217.87
6/10/16,218.79
6/9/16,229.36
6/8/16,235.52
6/7/16,232.34
6/6/16,220.68
6/3/16,218.99
6/2/16,218.96
6/1/16,219.56
5/31/16,223.23
5/27/16,223.04
5/26/16,225.12
5/25/16,219.58
5/24/16,217.91
5/23/16,216.22
5/20/16,220.28
5/19/16,215.21
5/18/16,211.17
5/17/16,204.66
5/16/16,208.29
5/13/16,207.61
5/12/16,207.28
5/11/16,208.96
5/10/16,208.69
5/9/16,208.92
5/6/16,214.93
5/5/16,211.53
5/4/16,222.56
5/3/16,232.32
5/2/16,241.8
4/29/16,240.76
4/28/16,247.71
4/27/16,251.47
4/26/16,253.74
4/25/16,251.82
4/22/16,253.75
4/21/16,248.29
4/20/16,249.97
4/19/16,247.37
4/18/16,253.88
4/15/16,254.51
4/14/16,251.86
4/13/16,254.53
4/12/16,247.82
4/11/16,249.92
4/8/16,250.07
4/7/16,257.2
4/6/16,265.42
4/5/16,255.47
4/4/16,246.99
4/1/16,237.59
3/31/16,229.77
3/30/16,226.89
3/29/16,230.13
3/28/16,230.26
3/24/16,227.75
3/23/16,222.58
3/22/16,234.24
3/21/16,238.32
3/18/16,232.74
3/17/16,226.38
3/16/16,221.93
3/15/16,218.34
3/14/16,215.15
3/11/16,207.5
3/10/16,205.18
3/9/16,208.72
3/8/16,202.6
3/7/16,205.29
3/4/16,201.04
3/3/16,195.74
3/2/16,188.34
3/1/16,186.35
2/29/16,191.93
2/26/16,190.34
2/25/16,187.43
2/24/16,179
2/23/16,177.21
2/22/16,177.74
2/19/16,166.58
2/18/16,166.77
2/17/16,168.68
2/16/16,155.17
2/12/16,151.04
2/11/16,150.47
2/10/16,143.67
2/9/16,148.25
2/8/16,147.99
2/5/16,162.6
2/4/16,175.33
2/3/16,173.48
2/2/16,182.78
2/1/16,196.94
1/29/16,191.2
1/28/16,189.7
1/27/16,188.07
1/26/16,193.56
1/25/16,196.38
1/22/16,202.55
1/21/16,199.97
1/20/16,198.7
1/19/16,204.72
1/15/16,204.99
1/14/16,206.18
1/13/16,200.31
1/12/16,209.97
1/11/16,207.85
1/8/16,211
1/7/16,215.65
1/6/16,219.04
1/5/16,223.43
1/4/16,223.41
12/31/15,240.01
12/30/15,238.09
12/29/15,237.19
12/28/15,228.95
12/24/15,230.57
12/23/15,229.7
12/22/15,229.95
12/21/15,232.56
12/18/15,230.46
12/17/15,233.39
12/16/15,234.51
12/15/15,221.09
12/14/15,218.58
12/11/15,217.02
12/10/15,227.07
12/9/15,224.52
12/8/15,226.72
12/7/15,231.13
12/4/15,230.38
12/3/15,232.71
12/2/15,231.99
12/1/15,237.19
11/30/15,230.26
11/27/15,231.61
11/25/15,229.64
11/24/15,218.25
11/23/15,217.75
11/20/15,220.01
11/19/15,221.8
11/18/15,221.07
11/17/15,214
11/16/15,214.31
11/13/15,207.19
11/12/15,212.94
11/11/15,219.08
11/10/15,216.5
11/9/15,225.33
11/6/15,232.36
11/5/15,231.77
11/4/15,231.63
11/3/15,208.35
11/2/15,213.79
10/30/15,206.93
10/29/15,211.63
10/28/15,212.96
10/27/15,210.35
10/26/15,215.26
10/23/15,209.09
10/22/15,211.72
10/21/15,210.09
10/20/15,213.03
10/19/15,228.1
10/16/15,227.01
10/15/15,221.31
10/14/15,216.88
10/13/15,219.25
10/12/15,215.58
10/9/15,220.69
10/8/15,226.72
10/7/15,231.96
10/6/15,241.46
10/5/15,246.15
10/2/15,247.57
10/1/15,239.88
9/30/15,248.4
9/29/15,246.65
9/28/15,248.43
9/25/15,256.91
9/24/15,263.12
9/23/15,261.06
9/22/15,260.94
9/21/15,264.2
9/18/15,260.62
9/17/15,262.07
9/16/15,262.25
9/15/15,253.57
9/14/15,253.19
9/11/15,250.24
9/10/15,248.48
9/9/15,248.91
9/8/15,248.17
9/4/15,241.93
9/3/15,245.57
9/2/15,247.69
9/1/15,238.63
8/31/15,249.06
8/28/15,248.48
8/27/15,242.99
8/26/15,224.84
8/25/15,220.03
8/24/15,218.87
8/21/15,230.77
8/20/15,242.18
8/19/15,255.25
8/18/15,260.72
8/17/15,254.99
8/14/15,243.15
8/13/15,242.51
8/12/15,238.17
8/11/15,237.37
8/10/15,241.14
8/7/15,242.51
8/6/15,246.13
8/5/15,270.13
8/4/15,266.28
8/3/15,259.99
7/31/15,266.15
7/30/15,266.79
7/29/15,263.82
7/28/15,264.82
7/27/15,253.01
7/24/15,265.41
7/23/15,267.2
7/22/15,267.87
7/21/15,266.77
7/20/15,282.26
7/17/15,274.66
7/16/15,266.68
7/15/15,263.14
7/14/15,265.65
7/13/15,262.16
7/10/15,259.15
7/9/15,257.92
7/8/15,254.96
7/7/15,267.88
7/6/15,279.72
7/2/15,280.02
7/1/15,269.15
6/30/15,268.26
6/29/15,262.02
6/26/15,267.09
6/25/15,268.79
6/24/15,265.17
6/23/15,267.67
6/22/15,259.79
6/19/15,262.51
6/18/15,261.89
6/17/15,260.41
6/16/15,253.12
6/15/15,250.38
6/12/15,250.69
6/11/15,251.41
6/10/15,250.7
6/9/15,256
6/8/15,256.29
6/5/15,249.14
6/4/15,245.92
6/3/15,248.99
6/2/15,248.35
6/1/15,249.45
5/29/15,250.8
5/28/15,251.45
5/27/15,247.43
5/26/15,247.455
5/22/15,247.73
5/21/15,245.62
5/20/15,244.35
5/19/15,247.14
5/18/15,248.75
5/15/15,248.84
5/14/15,244.1
5/13/15,243.18
5/12/15,244.74
5/11/15,239.49
5/8/15,236.61
5/7/15,236.8
5/6/15,230.43
5/5/15,232.95
5/4/15,230.51
5/1/15,226.03
4/30/15,226.05
4/29/15,232.45
4/28/15,230.48
4/27/15,231.55
4/24/15,218.425
4/23/15,218.6
4/22/15,219.44
4/21/15,209.41
4/20/15,205.27
4/17/15,206.79
4/16/15,206.7
4/15/15,207.83
4/14/15,207.46
4/13/15,209.78
4/10/15,210.9
4/9/15,210.09
4/8/15,207.67
4/7/15,203.25
4/6/15,203.1
4/2/15,191
4/1/15,187.59
3/31/15,188.77
3/30/15,190.57
3/27/15,185
3/26/15,190.405
3/25/15,194.3
3/24/15,201.72
3/23/15,199.63
3/20/15,198.08
3/19/15,195.65
3/18/15,200.71
3/17/15,194.73
3/16/15,195.7
3/13/15,188.68
3/12/15,191.07
3/11/15,193.74
3/10/15,190.32
3/9/15,190.88
3/6/15,193.88
3/5/15,200.63
3/4/15,202.435
3/3/15,199.56
3/2/15,197.325
2/27/15,203.34
2/26/15,207.19
2/25/15,203.76
2/24/15,204.11
2/23/15,207.335
2/20/15,217.11
2/19/15,211.705
2/18/15,204.46
2/17/15,204.35
2/13/15,203.77
2/12/15,202.88
2/11/15,212.8
2/10/15,216.29
2/9/15,217.48
2/6/15,217.36
2/5/15,220.99
2/4/15,218.55
2/3/15,218.36
2/2/15,210.94
1/30/15,203.6
1/29/15,205.2
1/28/15,199.37
1/27/15,205.98
1/26/15,206.55
1/23/15,201.29
1/22/15,201.62
1/21/15,196.57
1/20/15,191.93
1/16/15,193.07
1/15/15,191.87
1/14/15,192.69
1/13/15,204.25
1/12/15,202.21
1/9/15,206.66
1/8/15,210.615
1/7/15,210.95
1/6/15,211.28
1/5/15,210.09
1/2/15,219.31
12/31/14,222.41
12/30/14,222.23
12/29/14,225.71
12/26/14,227.82
12/24/14,222.26
12/23/14,220.97
12/22/14,222.6
12/19/14,219.29
12/18/14,218.26
12/17/14,205.82
12/16/14,197.81
12/15/14,204.04
12/12/14,207
12/11/14,208.88
12/10/14,209.84
12/9/14,216.89
12/8/14,214.36
12/5/14,223.71
12/4/14,228.28
12/3/14,229.3
12/2/14,231.43
12/1/14,231.64
11/28/14,244.52
11/26/14,248.44
11/25/14,248.09
11/24/14,246.72
11/21/14,242.78
11/20/14,248.71
11/19/14,247.74
11/18/14,257.7
11/17/14,253.98
11/14/14,258.68
11/13/14,251.7
11/12/14,249.1
11/11/14,251.08
11/10/14,241.93
11/7/14,240.2
11/6/14,241.22
11/5/14,230.97
11/4/14,238.93
11/3/14,242.59
10/31/14,241.7
10/30/14,238.66
10/29/14,238.1
10/28/14,242.77
10/27/14,221.67
10/24/14,235.24
10/23/14,235.29
10/22/14,231.1
10/21/14,235.34
10/20/14,230.47
10/17/14,227.48
10/16/14,226.35
10/15/14,229.7
10/14/14,227.06
10/13/14,224.59
10/10/14,236.91
10/9/14,257.01
10/8/14,259.28
10/7/14,259.57
10/6/14,260.62
10/3/14,255.21
10/2/14,251.42
10/1/14,240.24
9/30/14,242.68
9/29/14,245.26
9/26/14,246.6
9/25/14,246.95
9/24/14,252.14
9/23/14,250.41
9/22/14,250.03
9/19/14,259.32
9/18/14,263.82
9/17/14,261.38
9/16/14,260.74
9/15/14,253.86
9/12/14,279.2
9/11/14,280.31
9/10/14,281.1
9/9/14,278.48
9/8/14,282.11
9/5/14,277.39
9/4/14,286.04
9/3/14,281.19
9/2/14,284.12
8/29/14,269.7
8/28/14,263.86
8/27/14,263.25
8/26/14,261.74
8/25/14,262.55
8/22/14,256.78
8/21/14,254.34
8/20/14,255.71
8/19/14,256.76
8/18/14,259.94
8/15/14,262.01
8/14/14,261.38
8/13/14,260.31
8/12/14,259.96
8/11/14,259.32
8/8/14,248.13
8/7/14,252.39
8/6/14,248.9301
8/5/14,238.49
8/4/14,238.52
8/1/14,233.27
7/31/14,223.3
7/30/14,228.92
7/29/14,225.01
7/28/14,224.82
7/25/14,223.57
7/24/14,223.54
7/23/14,222.49
7/22/14,219.58
7/21/14,220.54
7/18/14,220.0201
7/17/14,215.4
7/16/14,217.16
7/15/14,219.58
7/14/14,226.7
7/11/14,218.13
7/10/14,219.46
7/9/14,223.06
7/8/14,219.07
7/7/14,222.66
7/3/14,229.25
7/2/14,229.425
7/1/14,239.72
6/30/14,240.06
6/27/14,239.06
6/26/14,235.6
6/25/14,236.891
6/24/14,232.5
6/23/14,237.22
6/20/14,229.59
6/19/14,227.79
6/18/14,227.12
6/17/14,231.67
6/16/14,224.61
6/13/14,206.42
6/12/14,203.52
6/11/14,204.47
6/10/14,202.3
6/9/14,205.31
6/6/14,208.171
6/5/14,206.9
6/4/14,203.99
6/3/14,204.94
6/2/14,204.7
5/30/14,207.77
5/29/14,210.24
5/28/14,210.24
5/27/14,211.56
5/23/14,207.3
5/22/14,204.88
5/21/14,199.45
5/20/14,195.3
5/19/14,196.09
5/16/14,191.56
5/15/14,188.59
5/14/14,190.62
5/13/14,190.16
5/12/14,184.67
5/9/14,182.26
5/8/14,178.59
5/7/14,201.35
5/6/14,207.28
5/5/14,216.61
5/2/14,210.91
5/1/14,207.73
4/30/14,207.89
4/29/14,206.92
4/28/14,198.51
4/25/14,199.85
4/24/14,207.86
4/23/14,207.99
4/22/14,218.64
4/21/14,204.38
4/17/14,198.12
4/16/14,199.11
4/15/14,193.91
4/14/14,198.09
4/11/14,203.78
4/10/14,204.19
4/9/14,216.93
4/8/14,215.46
4/7/14,207.52
4/4/14,212.225
4/3/14,225.4
4/2/14,230.29
4/1/14,216.97
3/31/14,208.45
3/28/14,212.37
3/27/14,207.32
3/26/14,212.96
3/25/14,220.44
3/24/14,220.17
3/21/14,228.89
3/20/14,234.91
3/19/14,235.84
3/18/14,240.04
3/17/14,233.98
3/14/14,230.97
3/13/14,237.79
3/12/14,241.49
3/11/14,234.41
3/10/14,238.84
3/7/14,246.21
3/6/14,252.94
3/5/14,252.66
3/4/14,254.84
3/3/14,250.56
2/28/14,244.81
2/27/14,252.54
2/26/14,253
2/25/14,248
2/24/14,217.65
2/21/14,209.6
2/20/14,209.97
2/19/14,193.64
2/18/14,203.7
2/14/14,198.23
2/13/14,199.63
2/12/14,195.32
2/11/14,196.62
2/10/14,196.56
2/7/14,186.53
2/6/14,178.38
2/5/14,174.42
2/4/14,178.73
2/3/14,177.11
1/31/14,181.41
1/30/14,182.84
1/29/14,175.23
1/28/14,178.38
1/27/14,169.62
1/24/14,174.6
1/23/14,181.5
1/22/14,178.56
1/21/14,176.68
1/17/14,170.01
1/16/14,170.97
1/15/14,164.13
1/14/14,161.27
1/13/14,139.34
1/10/14,145.7199
1/9/14,147.53
1/8/14,151.28
1/7/14,149.36
1/6/14,147
1/3/14,149.56
1/2/14,150.1
12/31/13,150.429
12/30/13,152.44
12/27/13,151.12
12/26/13,155.5
12/24/13,151.41
12/23/13,143.55
12/20/13,143.24
12/19/13,140.72
12/18/13,147.98
12/17/13,152.46
12/16/13,147.94
12/13/13,147.654
12/12/13,147.47
12/11/13,139.65
12/10/13,142.19
12/9/13,141.6
12/6/13,137.36
12/5/13,140.48
12/4/13,138.95
12/3/13,144.7
12/2/13,124.17
11/29/13,127.28
11/27/13,126.94
11/26/13,120.5
11/25/13,120.84
11/22/13,121.38
11/21/13,122.1
11/20/13,121.11
11/19/13,126.09
11/18/13,121.58
11/15/13,135.45
11/14/13,137.6
11/13/13,138.7
11/12/13,137.8
11/11/13,144.698
11/8/13,137.95
11/7/13,139.772
11/6/13,151.16
11/5/13,176.81
11/4/13,175.2
11/1/13,162.17
10/31/13,159.94
10/30/13,159.22
10/29/13,164.47
10/28/13,162.86
10/25/13,169.66
10/24/13,173.15
10/23/13,164.5
10/22/13,171.54
10/21/13,172.6
10/18/13,183.4
10/17/13,182.802
10/16/13,183.56
10/15/13,183.94
10/14/13,179.72
10/11/13,178.7
10/10/13,172.93
10/9/13,168.78
10/8/13,174.73
10/7/13,183.07
10/4/13,180.98
10/3/13,173.31
10/2/13,180.95
10/1/13,193
9/30/13,193.37
9/27/13,190.9
9/26/13,188.64
9/25/13,185.238
9/24/13,182.33
9/23/13,181.11
9/20/13,183.39
9/19/13,177.92
9/18/13,166.218
9/17/13,166.23
9/16/13,166.58
9/13/13,165.54
9/12/13,164.93
9/11/13,163.52
9/10/13,166.37
9/9/13,160.7
9/6/13,166.97
9/5/13,169.93
9/4/13,170.622
9/3/13,168.94
8/30/13,169
8/29/13,166.06
8/28/13,166.45
8/27/13,167.01
8/26/13,164.22
8/23/13,161.839
8/22/13,157.1
8/21/13,147.86
8/20/13,149.58
8/19/13,144.9
8/16/13,142
8/15/13,139.67
8/14/13,139.36
8/13/13,145.43
8/12/13,147.38
8/9/13,153
8/8/13,153.48
8/7/13,134.23
8/6/13,142.15
8/5/13,144.68
8/2/13,138
8/1/13,135.55
7/31/13,134.28
7/30/13,131.74
7/29/13,134.62
7/26/13,129.39
7/25/13,124.07
7/24/13,121.7
7/23/13,122.74
7/22/13,122.43
7/19/13,119.68
7/18/13,119.03
7/17/13,120.25
7/16/13,109.05
7/15/13,127.26
7/12/13,129.9
7/11/13,125.61
7/10/13,122.27
7/9/13,123.45
7/8/13,121.61
7/5/13,120.09
7/3/13,115.24
7/2/13,117.82
7/1/13,117.179
6/28/13,107.36
6/27/13,109.25
6/26/13,105.72
6/25/13,102.4
6/24/13,101.49
6/21/13,99.55
6/20/13,100.65
6/19/13,104.68
6/18/13,103.39
6/17/13,102.2
6/14/13,100.3
6/13/13,98.18
6/12/13,97.73
6/11/13,94.47
6/10/13,100.05
6/7/13,102.04
6/6/13,97.35
6/5/13,95.37
6/4/13,94.84
6/3/13,92.59
5/31/13,97.76
5/30/13,104.95
5/29/13,104.629
5/28/13,110.334
5/24/13,97.08
5/23/13,92.73
5/22/13,87.24
5/21/13,87.59
5/20/13,89.94
5/17/13,91.5
5/16/13,92.248
5/15/13,84.842
5/14/13,83.24
5/13/13,87.8
5/10/13,76.764
5/9/13,69.4
5/8/13,55.7865
5/7/13,55.51
5/6/13,59.5
5/3/13,54.55
5/2/13,54.11
5/1/13,53.28
4/30/13,53.99
4/29/13,54.94
4/26/13,51.2
4/25/13,52
4/24/13,50.43
4/23/13,51.01
4/22/13,50.19
4/19/13,47.83
4/18/13,46.97
4/17/13,45.45
4/16/13,45.59
4/15/13,43.3
4/12/13,43.75
4/11/13,43.59
4/10/13,41.86
4/9/13,40.5
4/8/13,41.83
4/5/13,41.37
4/4/13,42.01
4/3/13,41.1
4/2/13,44.34
4/1/13,43.93
3/28/13,37.89
3/27/13,38.16
3/26/13,37.86
3/25/13,37.53
3/22/13,36.62
3/21/13,36.01
3/20/13,35.95
3/19/13,35.08
3/18/13,35.15
3/15/13,35.29
3/14/13,36.85
3/13/13,38.98
3/12/13,39.12
3/11/13,39.1
3/8/13,38.47
3/7/13,38.23
3/6/13,37.69
3/5/13,36.65
3/4/13,35.58
3/1/13,34.65
2/28/13,34.83
2/27/13,35.1
2/26/13,34.43
2/25/13,34.38
2/22/13,36.11
2/21/13,35.16
2/20/13,38.54
2/19/13,39.28
2/15/13,37.04
2/14/13,38.3
2/13/13,38.45
2/12/13,37.89
2/11/13,38.42
2/8/13,39.24
2/7/13,39.48
2/6/13,39.17
2/5/13,38.13
2/4/13,37.74
2/1/13,38.3
1/31/13,37.51
1/30/13,37.52
1/29/13,37.95
1/28/13,38.03
1/25/13,36.98
1/24/13,36.99
1/23/13,36
1/22/13,35.19
1/18/13,34.52
1/17/13,34.38
1/16/13,34.1
1/15/13,33.9
1/14/13,33.26
1/11/13,32.91
1/10/13,33.53
1/9/13,33.64
1/8/13,33.68
1/7/13,34.34
1/4/13,34.4
1/3/13,34.77
1/2/13,35.36
12/31/12,33.87
12/28/12,33.22
12/27/12,33.69
12/26/12,33.59
12/24/12,34.28
12/21/12,34
12/20/12,34.43
12/19/12,34.61
12/18/12,34.59
12/17/12,34.4
12/14/12,33.81
12/13/12,33.61
12/12/12,35.26
12/11/12,35.28
12/10/12,34.57
12/7/12,34.17
12/6/12,33.9
12/5/12,33.71
12/4/12,33.9
12/3/12,34.62
11/30/12,33.82
11/29/12,33.69
11/28/12,33.23
11/27/12,32.15
11/26/12,32.27
11/23/12,32.13
11/21/12,32.47
11/20/12,33
11/19/12,32.92
11/16/12,31.8399
11/15/12,30.82
11/14/12,31.38
11/13/12,31.6143
11/12/12,31.07
11/9/12,30.32
11/8/12,31.31
11/7/12,31.54
11/6/12,31.15
11/5/12,31.5
11/2/12,28.9182
11/1/12,29.2454
10/31/12,28.1314
10/26/12,27.38
10/25/12,27.52
10/24/12,27.42
10/23/12,28.39
10/22/12,27.85
10/19/12,27.74
10/18/12,28.04
10/17/12,28.8191
10/16/12,28.06
10/15/12,27.33
10/12/12,27.64
10/11/12,28.32
10/10/12,28.4
10/9/12,28.37
10/8/12,29.25
10/5/12,28.89
10/4/12,29.4
10/3/12,29.3
10/2/12,29.8
10/1/12,29.16
9/28/12,29.28
9/27/12,28.49
9/26/12,27.54
9/25/12,27.66
9/24/12,30.66
9/21/12,30.02
9/20/12,30.9
9/19/12,31.05
9/18/12,31.34
9/17/12,32.54
9/14/12,30.39
9/13/12,29.48
9/12/12,28.28
9/11/12,27.8
9/10/12,27.37
9/7/12,29.35
9/6/12,28.55
9/5/12,27.94
9/4/12,28.14
8/31/12,28.52
8/30/12,28.41
8/29/12,28.41
8/28/12,28.69
8/27/12,28.32
8/24/12,29.5
8/23/12,30.73
8/22/12,29.95
8/21/12,29.11
8/20/12,29.51
8/17/12,30.01
8/16/12,30.3
8/15/12,29.4
8/14/12,29.42
8/13/12,31.17
8/10/12,29.94
8/9/12,29.41
8/8/12,29.09
8/7/12,30.25
8/6/12,28.27
8/3/12,27.27
8/2/12,26.1
8/1/12,26.25
7/31/12,27.42
7/30/12,27.35
7/27/12,29.51
7/26/12,28.13
7/25/12,28.95
7/24/12,29.84
7/23/12,30.66
7/20/12,31.79
7/19/12,32.27
7/18/12,32.15
7/17/12,33.35
7/16/12,35.96
7/13/12,34.25
7/12/12,32.7
7/11/12,31.51
7/10/12,31.27
7/9/12,31.49
7/6/12,30.99
7/5/12,31.23
7/3/12,30.66
7/2/12,30.4
6/29/12,31.29
6/28/12,31.41
6/27/12,31.96
6/26/12,31.61
6/25/12,33.11
6/22/12,33.785
6/21/12,32.19
6/20/12,33.78
6/19/12,32.09
6/18/12,31.84
6/15/12,29.91
6/14/12,29.39
6/13/12,29.77
6/12/12,29.66
6/11/12,29.12
6/8/12,30.08
6/7/12,28.93
6/6/12,29.22
6/5/12,27.91
6/4/12,27.88
6/1/12,28.15
5/31/12,29.5
5/30/12,30.41
5/29/12,31.69
5/25/12,29.81
5/24/12,30.32
5/23/12,31.02
5/22/12,30.79
5/21/12,28.77
5/18/12,27.56
5/17/12,28.57
5/16/12,29.18
5/15/12,29.43
5/14/12,30.06
5/11/12,32.25
5/10/12,32.96
5/9/12,30.06
5/8/12,30.19
5/7/12,32.47
5/4/12,31.83
5/3/12,32.46
5/2/12,33.94
5/1/12,33.78
4/30/12,33.13
4/27/12,33.34
4/26/12,33.49
4/25/12,32.91
4/24/12,31.82
4/23/12,31.94
4/20/12,33.16
4/19/12,33.16
4/18/12,32.66
4/17/12,32.24
4/16/12,32.25
4/13/12,33.59
4/12/12,33.44
4/11/12,33.09
4/10/12,32.46
4/9/12,33.15
4/5/12,34.48
4/4/12,35
4/3/12,38.01
4/2/12,36.58
3/30/12,37.24
3/29/12,37.33
3/28/12,37.85
3/27/12,37.94
3/26/12,37.4
3/23/12,34.08
3/22/12,34.4
3/21/12,35.15
3/20/12,34.96
3/19/12,34.98
3/16/12,35.32
3/15/12,35
3/14/12,35.29
3/13/12,36.09
3/12/12,36.01
3/9/12,34.74
3/8/12,33.07
3/7/12,33.12
3/6/12,33.11
3/5/12,33.77
3/2/12,34.04
3/1/12,34.41
2/29/12,33.41
2/28/12,33.81
2/27/12,33.62
2/24/12,33.75
2/23/12,34.53
2/22/12,34.22
2/21/12,34.5
2/17/12,34.97
2/16/12,34.18
2/15/12,33.6
2/14/12,33.17
2/13/12,31.49
2/10/12,31.1
2/9/12,32.58
2/8/12,31.93
2/7/12,31.6
2/6/12,31.8
2/3/12,31.15
2/2/12,30.25
2/1/12,29.58
1/31/12,29.07
1/30/12,29.57
1/27/12,29.33
1/26/12,28.94
1/25/12,27.97
1/24/12,27.42
1/23/12,26.77
1/20/12,26.6
1/19/12,26.76
1/18/12,26.81
1/17/12,26.6
1/13/12,22.79
1/12/12,28.25
1/11/12,28.23
1/10/12,27.62
1/9/12,27.25
1/6/12,26.91
1/5/12,27.12
1/4/12,27.71
1/3/12,28.08
12/30/11,28.56
12/29/11,28.73
12/28/11,28.51
12/27/11,28.57
12/23/11,27.9
12/22/11,27.77
12/21/11,27.57
12/20/11,27.9
12/19/11,27.75
12/16/11,28
12/15/11,28.62
12/14/11,28.53
12/13/11,29.45
12/12/11,30.41
12/9/11,31.04
12/8/11,30.89
12/7/11,34.19
12/6/11,34.87
12/5/11,34.42
12/2/11,33.3
12/1/11,32.6
11/30/11,32.74
11/29/11,31.75
11/28/11,32.56
11/25/11,31.66
11/23/11,31.45
11/22/11,32.07
11/21/11,31.76
11/18/11,32.6
11/17/11,33.68
11/16/11,34.94
11/15/11,33.93
11/14/11,33.22
11/11/11,33.64
11/10/11,31.33
11/9/11,30.88
11/8/11,31.84
11/7/11,31.27
11/4/11,32.31
11/3/11,32.46
11/2/11,28.71
11/1/11,28.88
10/31/11,29.37
10/28/11,29.87
10/27/11,28.76
10/26/11,27.98
10/25/11,28.25
10/24/11,28.55
10/21/11,28.03
10/20/11,27.34
10/19/11,27.57
10/18/11,28.34
10/17/11,27.42
10/14/11,28.05
10/13/11,27.94
10/12/11,27.8
10/11/11,27.61
10/10/11,27.88
10/7/11,26.99
10/6/11,26.96
10/5/11,25.37
10/4/11,23.66
10/3/11,23.73
9/30/11,24.39
9/29/11,24.12
9/28/11,24.59
9/27/11,26.19
9/26/11,25.52
9/23/11,26.38
9/22/11,25.63
9/21/11,25.85
9/20/11,26.01
9/19/11,25.77
9/16/11,25.8
9/15/11,24.82
9/14/11,24.34
9/13/11,24.08
9/12/11,22.88
9/9/11,22.97
9/8/11,23.61
9/7/11,23.84
9/6/11,22.94
9/2/11,23.07
9/1/11,24
8/31/11,24.74
8/30/11,24.63
8/29/11,24.71
8/26/11,23.73
8/25/11,23.11
8/24/11,23.87
8/23/11,22.96
8/22/11,21.95
8/19/11,22.3
8/18/11,24.26
8/17/11,25.83
8/16/11,26.1
8/15/11,26.23
8/12/11,26.31
8/11/11,25.3
8/10/11,23.82
8/9/11,25.06
8/8/11,23.64
8/5/11,24.24
8/4/11,24.75
8/3/11,27.2
8/2/11,27.34
8/1/11,28.77
7/29/11,28.17
7/28/11,28.17
7/27/11,27.64
7/26/11,28
7/25/11,28.49
7/22/11,29.29
7/21/11,28.7
7/20/11,28.69
7/19/11,27.89
7/18/11,27.23
7/15/11,27.58
7/14/11,27.61
7/13/11,28.64
7/12/11,28.17
7/11/11,28.35
7/8/11,28.81
7/7/11,29.73
7/6/11,28.96
7/5/11,29.14
7/1/11,29.02
6/30/11,29.13
6/29/11,28.29
6/28/11,28.11
6/27/11,27.46
6/24/11,27.565
6/23/11,27.71
6/22/11,27.21
6/21/11,27.53
6/20/11,26.01
6/17/11,26.5
6/16/11,26.5
6/15/11,27.32
6/14/11,28.6
6/13/11,28.43
6/10/11,27.86
6/9/11,27.62
6/8/11,27.12
6/7/11,28.37
6/6/11,28.7
6/3/11,30.13
6/2/11,28.76
6/1/11,28.517
5/31/11,30.14
5/27/11,29.55
5/26/11,29.48
5/25/11,28.98
5/24/11,26.72
5/23/11,26.82
5/20/11,27.97
5/19/11,28.2
5/18/11,26.35
5/17/11,25.96
5/16/11,26.6
5/13/11,27.55
5/12/11,27.67
5/11/11,27.07
5/10/11,28.33
5/9/11,27.91
5/6/11,27.12
5/5/11,26.44
5/4/11,26.69
5/3/11,26.87
5/2/11,27.45
4/29/11,27.6
4/28/11,27.66
4/27/11,27.08
4/26/11,26.93
4/25/11,26.39
4/21/11,26.74
4/20/11,25.75
4/19/11,25.16
4/18/11,25.03
4/15/11,25.58
4/14/11,25.14
4/13/11,24.93
4/12/11,24.65
4/11/11,25.27
4/8/11,26.49
4/7/11,27.24
4/6/11,26.49
4/5/11,26.7
4/4/11,25.83
4/1/11,26.66
3/31/11,27.75
3/30/11,23.71
3/29/11,23.92
3/28/11,23.25
3/25/11,22.75
3/24/11,22.33
3/23/11,22.21
3/22/11,22.19
3/21/11,22.73
3/18/11,22.96
3/17/11,22.81
3/16/11,22.82
3/15/11,22.95
3/14/11,23.25
3/11/11,24.07
3/10/11,24.01
3/9/11,24.72
3/8/11,24.66
3/7/11,24.94
3/4/11,24.95
3/3/11,24.36
3/2/11,24.02
3/1/11,23.94
2/28/11,23.89
2/25/11,23.61
2/24/11,22.53
2/23/11,21.83
2/22/11,21.87
2/18/11,23.18
2/17/11,23.6
2/16/11,24.73
2/15/11,22.84
2/14/11,23.08
2/11/11,23.25
2/10/11,23.215
2/9/11,23.21
2/8/11,24.49
2/7/11,23.07
2/4/11,23.46
2/3/11,23.63
2/2/11,23.94
2/1/11,23.91
1/31/11,24.1
1/28/11,24.01
1/27/11,24.92
1/26/11,24.75
1/25/11,24.68
1/24/11,24.49
1/21/11,23.04
1/20/11,22.62
1/19/11,24.03
1/18/11,25.64
1/14/11,25.75
1/13/11,26.22
1/12/11,26.96
1/11/11,26.96
1/10/11,28.45
1/7/11,28.24
1/6/11,27.88
1/5/11,26.83
1/4/11,26.67
1/3/11,26.62
12/31/10,26.63
12/30/10,26.5
12/29/10,27.73
12/28/10,26.41
12/27/10,25.549
12/23/10,30.09
12/22/10,32.63
12/21/10,32.26
12/20/10,31.7
12/17/10,31.36
12/16/10,30.81
12/15/10,29.6
12/14/10,28.53
12/13/10,30.55
12/10/10,31.52
12/9/10,32.05
12/8/10,32.37
12/7/10,31.56
12/6/10,30.31
12/3/10,31.49
12/2/10,32.35
12/1/10,34.35
11/30/10,35.33
11/29/10,34.33
11/26/10,35.32
11/24/10,35.47
11/23/10,34.57
11/22/10,33.4
11/19/10,30.99
11/18/10,29.89
11/17/10,29.49
11/16/10,29.67
11/15/10,30.8
11/12/10,29.84
11/11/10,28.035
11/10/10,29.36
11/9/10,24.63
11/8/10,24.98
11/5/10,24.44
11/4/10,24.9
11/3/10,21.77
11/2/10,21.25
11/1/10,21.41
10/29/10,21.84
10/28/10,21.19
10/27/10,21
10/26/10,21.36
10/25/10,20.85
10/22/10,20.72
10/21/10,20.75
10/20/10,20.65
10/19/10,20.05
10/18/10,20.23
10/15/10,20.54
10/14/10,20.75
10/13/10,20.54
10/12/10,20.24
10/11/10,20.24
10/8/10,20.43
10/7/10,20.43
10/6/10,20.46
10/5/10,21.12
10/4/10,20.99
10/1/10,20.6
9/30/10,20.405
9/29/10,21.98
9/28/10,21.4
9/27/10,20.53
9/24/10,20.1
9/23/10,19.56
9/22/10,19.87
9/21/10,20.77
9/20/10,21.055
9/17/10,20.23
9/16/10,20.94
9/15/10,21.98
9/14/10,21.12
9/13/10,20.72
9/10/10,20.17
9/9/10,20.71
9/8/10,20.9
9/7/10,20.54
9/3/10,21.05
9/2/10,21.06
9/1/10,20.45
8/31/10,19.48
8/30/10,19.87
8/27/10,19.7
8/26/10,19.75
8/25/10,19.9
8/24/10,19.2
8/23/10,20.13
8/20/10,19.1
8/19/10,18.79
8/18/10,18.77
8/17/10,19.15
8/16/10,18.78
8/13/10,18.32
8/12/10,17.6
8/11/10,17.9
8/10/10,19.03
8/9/10,19.6
8/6/10,19.59
8/5/10,20.45
8/4/10,21.26
8/3/10,21.95
8/2/10,20.92
7/30/10,19.94
7/29/10,20.35
7/28/10,20.72
7/27/10,20.55
7/26/10,20.95
7/23/10,21.29
7/22/10,21
7/21/10,20.22
7/20/10,20.3
7/19/10,21.91
7/16/10,20.64
7/15/10,19.89
7/14/10,19.84
7/13/10,18.14
7/12/10,17.05
7/9/10,17.4
7/8/10,17.46
7/7/10,15.8
7/6/10,16.11
7/2/10,19.2
7/1/10,21.96
6/30/10,23.83
6/29/10,23.89