{
  "metadata": {
    "schemaVersion": "1.0",
    "importType": "LEX",
    "importFormat": "JSON"
  },
  "resource": {
    "description": "riskLevel",
    "name": "riskLevel",
    "version": "1",
    "enumerationValues": [
      {
        "value": "High",
        "synonyms": [
          "Maximum",
          "Risky"
        ]
      },
      {
        "value": "Very Low",
        "synonyms": [
          "Minimum"
        ]
      },
      {
        "value": "Low",
        "synonyms": [
          "Minimal",
          "Small"
        ]
      },
      {
        "value": "Medium",
        "synonyms": [
          "Average",
          "Balanced"
        ]
      },
      {
        "value": "Very High",
        "synonyms": [
          "Riskiest"
        ]
      },
      {
        "value": "None",
        "synonyms": [
          "Zero",
          "Risk-free"
        ]
      }
    ],
    "valueSelectionStrategy": "TOP_RESOLUTION"
  }
}